ClassName,TotalMutants,KilledMutants,MutationScore
org.apache.commons.math3.analysis.FunctionUtils,211,95,92.2
org.apache.commons.math3.analysis.integration.IterativeLegendreGaussIntegrator,91,85,93.4
org.apache.commons.math3.analysis.integration.LegendreGaussIntegrator,500,487,98.2
org.apache.commons.math3.analysis.integration.RombergIntegrator,106,81,79.4
org.apache.commons.math3.analysis.integration.SimpsonIntegrator,87,45,71.4
org.apache.commons.math3.analysis.integration.gauss.BaseRuleFactory,16,13,81.2
org.apache.commons.math3.analysis.integration.gauss.GaussIntegratorFactory,28,28,100.0
org.apache.commons.math3.analysis.integration.gauss.LegendreRuleFactory,325,275,84.6
org.apache.commons.math3.analysis.integration.gauss.LegendreHighPrecisionRuleFactory,186,161,86.6
org.apache.commons.math3.analysis.integration.gauss.GaussIntegrator,36,31,86.1
org.apache.commons.math3.analysis.integration.BaseAbstractUnivariateIntegrator,20,13,65.0
org.apache.commons.math3.analysis.integration.TrapezoidIntegrator,120,103,88.8
org.apache.commons.math3.analysis.solvers.AbstractDifferentiableUnivariateSolver,3,2,66.7
org.apache.commons.math3.analysis.solvers.AbstractUnivariateDifferentiableSolver,9,9,100.0
org.apache.commons.math3.analysis.solvers.UnivariateSolverUtils,236,95,52.5
org.apache.commons.math3.analysis.solvers.NewtonRaphsonSolver,18,17,94.4
org.apache.commons.math3.analysis.solvers.BaseSecantSolver,126,91,72.2
org.apache.commons.math3.analysis.solvers.SecantSolver,54,40,74.1
org.apache.commons.math3.analysis.solvers.MullerSolver2,244,200,86.6
org.apache.commons.math3.analysis.solvers.AbstractPolynomialSolver,2,2,100.0
org.apache.commons.math3.analysis.solvers.MullerSolver,263,169,64.3
org.apache.commons.math3.analysis.solvers.BaseAbstractUnivariateSolver,27,26,96.3
org.apache.commons.math3.analysis.solvers.BrentSolver,294,244,83.0
org.apache.commons.math3.analysis.solvers.LaguerreSolver,204,112,59.6
org.apache.commons.math3.analysis.solvers.NewtonSolver,16,15,93.8
org.apache.commons.math3.analysis.solvers.RiddersSolver,112,78,69.6
org.apache.commons.math3.analysis.solvers.BisectionSolver,20,16,80.0
org.apache.commons.math3.analysis.solvers.BracketingNthOrderBrentSolver,548,447,81.6
org.apache.commons.math3.analysis.function.Multiply,4,4,100.0
org.apache.commons.math3.analysis.function.StepFunction,45,40,88.9
org.apache.commons.math3.analysis.function.Add,4,4,100.0
org.apache.commons.math3.analysis.function.Inverse,6,6,100.0
org.apache.commons.math3.analysis.function.Gaussian,297,281,94.6
org.apache.commons.math3.analysis.function.Logit,161,118,88.7
org.apache.commons.math3.analysis.function.Subtract,4,0,0.0
org.apache.commons.math3.analysis.function.Divide,4,4,100.0
org.apache.commons.math3.analysis.function.Minus,1,1,100.0
org.apache.commons.math3.analysis.function.Logistic,177,144,92.9
org.apache.commons.math3.analysis.function.Sigmoid,178,172,96.6
org.apache.commons.math3.analysis.function.Sinc,416,309,74.6
org.apache.commons.math3.analysis.function.HarmonicOscillator,120,115,95.8
org.apache.commons.math3.analysis.differentiation.JacobianFunction,22,21,95.5
org.apache.commons.math3.analysis.differentiation.GradientFunction,18,17,94.4
org.apache.commons.math3.analysis.differentiation.DerivativeStructure,410,315,84.7
org.apache.commons.math3.analysis.differentiation.FiniteDifferencesDifferentiator,239,217,90.8
org.apache.commons.math3.analysis.polynomials.PolynomialFunctionNewtonForm,158,128,86.5
org.apache.commons.math3.analysis.polynomials.PolynomialFunctionLagrangeForm,319,255,87.0
org.apache.commons.math3.analysis.polynomials.PolynomialSplineFunction,148,98,84.5
org.apache.commons.math3.analysis.polynomials.PolynomialsUtils,371,335,90.5
org.apache.commons.math3.analysis.polynomials.PolynomialFunction,327,233,83.8
org.apache.commons.math3.analysis.interpolation.BicubicSplineInterpolatingFunction,827,734,93.3
org.apache.commons.math3.analysis.interpolation.LoessInterpolator,387,329,85.2
org.apache.commons.math3.analysis.interpolation.DividedDifferenceInterpolator,60,54,90.0
org.apache.commons.math3.analysis.interpolation.HermiteInterpolator,140,132,94.3
org.apache.commons.math3.analysis.interpolation.BicubicSplineInterpolator,140,98,70.0
org.apache.commons.math3.analysis.interpolation.LinearInterpolator,62,51,82.3
org.apache.commons.math3.analysis.interpolation.UnivariatePeriodicInterpolator,62,52,83.9
org.apache.commons.math3.analysis.interpolation.SmoothingPolynomialBicubicSplineInterpolator,89,57,65.5
org.apache.commons.math3.analysis.interpolation.SplineInterpolator,326,310,95.1
org.apache.commons.math3.analysis.interpolation.TricubicSplineInterpolator,222,122,55.0
org.apache.commons.math3.analysis.interpolation.MicrosphereInterpolatingFunction,77,36,46.8
org.apache.commons.math3.analysis.interpolation.MicrosphereInterpolator,12,3,25.0
org.apache.commons.math3.util.Precision,316,233,82.0
org.apache.commons.math3.util.Incrementor,23,20,87.0
org.apache.commons.math3.util.OpenIntToDoubleHashMap,340,243,71.5
org.apache.commons.math3.util.OpenIntToFieldHashMap,340,234,69.6
org.apache.commons.math3.util.MathArrays,1555,1066,80.1
org.apache.commons.math3.util.Pair,33,12,42.9
org.apache.commons.math3.util.FastMathCalc,1509,0,0.0
org.apache.commons.math3.util.ResizableDoubleArray,432,322,74.5
org.apache.commons.math3.util.MathUtils,236,116,54.2
org.apache.commons.math3.util.ContinuedFraction,76,63,86.3
org.apache.commons.math3.util.IterationManager,8,6,85.7
org.apache.commons.math3.util.CompositeFormat,90,76,84.4
org.apache.commons.math3.util.TransformerMap,34,12,66.7
org.apache.commons.math3.util.Decimal64,41,24,80.0
org.apache.commons.math3.util.DefaultTransformer,4,2,100.0
org.apache.commons.math3.util.BigReal,6,3,75.0
org.apache.commons.math3.complex.ComplexFormat,89,46,58.2
org.apache.commons.math3.complex.RootsOfUnity,165,110,73.8
org.apache.commons.math3.complex.Quaternion,411,329,82.9
org.apache.commons.math3.complex.Complex,698,578,83.0
org.apache.commons.math3.complex.ComplexUtils,20,20,100.0
org.apache.commons.math3.optimization.LeastSquaresConverter,41,34,82.9
org.apache.commons.math3.optimization.PointValuePair,6,0,0.0
org.apache.commons.math3.optimization.SimpleValueChecker,18,16,88.9
org.apache.commons.math3.optimization.fitting.CurveFitter,40,17,100.0
org.apache.commons.math3.optimization.fitting.PolynomialFitter,8,6,75.0
org.apache.commons.math3.optimization.fitting.HarmonicFitter,365,231,63.3
org.apache.commons.math3.optimization.fitting.GaussianFitter,227,146,74.5
org.apache.commons.math3.optimization.AbstractConvergenceChecker,12,9,75.0
org.apache.commons.math3.optimization.direct.AbstractSimplex,212,144,74.2
org.apache.commons.math3.optimization.direct.SimplexOptimizer,28,23,82.1
org.apache.commons.math3.optimization.direct.NelderMeadSimplex,183,154,85.1
org.apache.commons.math3.optimization.direct.MultivariateFunctionMappingAdapter,55,37,68.5
org.apache.commons.math3.optimization.direct.BaseAbstractMultivariateSimpleBoundsOptimizer,44,31,70.5
org.apache.commons.math3.optimization.direct.BaseAbstractMultivariateVectorOptimizer,15,9,60.0
org.apache.commons.math3.optimization.direct.MultivariateFunctionPenaltyAdapter,65,40,62.5
org.apache.commons.math3.optimization.direct.BaseAbstractMultivariateOptimizer,10,7,70.0
org.apache.commons.math3.optimization.direct.PowellOptimizer,229,118,52.0
org.apache.commons.math3.optimization.direct.MultiDirectionalSimplex,55,47,88.7
org.apache.commons.math3.optimization.general.AbstractLeastSquaresOptimizer,129,100,80.6
org.apache.commons.math3.optimization.general.AbstractDifferentiableOptimizer,1,0,0.0
org.apache.commons.math3.optimization.general.GaussNewtonOptimizer,63,52,83.9
org.apache.commons.math3.optimization.general.AbstractScalarDifferentiableOptimizer,2,1,100.0
org.apache.commons.math3.optimization.general.NonLinearConjugateGradientOptimizer,179,152,91.6
org.apache.commons.math3.optimization.BaseMultivariateVectorMultiStartOptimizer,73,22,32.4
org.apache.commons.math3.optimization.linear.AbstractLinearOptimizer,12,8,66.7
org.apache.commons.math3.optimization.linear.LinearConstraint,40,8,50.0
org.apache.commons.math3.optimization.linear.SimplexSolver,142,94,66.2
org.apache.commons.math3.optimization.linear.SimplexTableau,531,418,81.6
org.apache.commons.math3.optimization.linear.LinearObjectiveFunction,24,10,62.5
org.apache.commons.math3.optimization.PointVectorValuePair,10,0,0.0
org.apache.commons.math3.optimization.SimplePointChecker,24,19,79.2
org.apache.commons.math3.optimization.SimpleVectorValueChecker,24,22,91.7
org.apache.commons.math3.optimization.univariate.BrentOptimizer,370,321,87.0
org.apache.commons.math3.optimization.univariate.UnivariateMultiStartOptimizer,79,43,57.3
org.apache.commons.math3.optimization.univariate.BaseAbstractUnivariateOptimizer,24,22,91.7
org.apache.commons.math3.optimization.univariate.SimpleUnivariateValueChecker,18,13,72.2
org.apache.commons.math3.optimization.univariate.BracketFinder,281,90,36.4
org.apache.commons.math3.optimization.BaseMultivariateMultiStartOptimizer,54,23,51.1
org.apache.commons.math3.linear.FieldLUDecomposition,294,235,79.9
org.apache.commons.math3.linear.NonPositiveDefiniteMatrixException,3,0,0.0
org.apache.commons.math3.linear.RealMatrixFormat,109,86,79.6
org.apache.commons.math3.linear.OpenMapRealVector,366,210,70.0
org.apache.commons.math3.linear.TriDiagonalTransformer,389,346,88.9
org.apache.commons.math3.linear.DefaultRealMatrixChangingVisitor,2,0,0.0
org.apache.commons.math3.linear.AbstractRealMatrix,902,555,65.7
org.apache.commons.math3.linear.BlockFieldMatrix,2697,2086,85.4
org.apache.commons.math3.linear.Array2DRowFieldMatrix,342,191,59.0
org.apache.commons.math3.linear.IterativeLinearSolver,18,6,50.0
org.apache.commons.math3.linear.ArrayRealVector,605,471,81.3
org.apache.commons.math3.linear.MatrixDimensionMismatchException,8,8,100.0
org.apache.commons.math3.linear.ArrayFieldVector,458,220,62.5
org.apache.commons.math3.linear.LUDecomposition,275,229,83.3
org.apache.commons.math3.linear.ConjugateGradient,83,58,71.6
